order_item_id,order_id,product_id,quantity,item_price
1,1,2,1,75.0
2,2,3,3,250.0
3,3,5,2,10.0
4,4,9,1,40.0
5,4,2,1,75.0
6,4,4,1,150.0
7,5,7,2,200.0
8,5,4,2,150.0
9,5,10,3,12.0
10,6,3,2,250.0
11,6,3,3,250.0
12,7,5,2,10.0
13,7,4,2,150.0
14,8,3,2,250.0
15,8,2,1,75.0
16,8,2,1,75.0
17,9,6,1,5.0
18,9,6,1,5.0
19,9,9,3,40.0
20,10,10,1,12.0
21,10,4,1,150.0
22,11,1,3,25.0
23,12,8,1,90.0
24,12,6,1,5.0
25,12,5,1,10.0
26,12,10,2,12.0
27,13,5,3,10.0
28,13,8,2,90.0
29,13,10,3,12.0
30,13,6,2,5.0
31,14,3,1,250.0
32,14,6,2,5.0
33,15,3,3,250.0
34,16,6,3,5.0
35,16,5,2,10.0
36,16,7,3,200.0
37,16,6,3,5.0
38,17,1,3,25.0
39,17,3,2,250.0
40,17,9,3,40.0
41,18,9,2,40.0
42,18,10,3,12.0
43,19,1,1,25.0
44,20,6,2,5.0
45,20,8,3,90.0
46,20,9,2,40.0
47,21,9,3,40.0
48,21,5,3,10.0
49,21,8,1,90.0
50,22,2,1,75.0
51,22,7,1,200.0
52,22,4,3,150.0
53,22,7,2,200.0
54,23,9,3,40.0
55,23,8,1,90.0
56,23,3,1,250.0
57,24,10,2,12.0
58,24,10,1,12.0
59,25,4,3,150.0
60,25,2,1,75.0
61,25,4,2,150.0
62,25,4,2,150.0
63,26,7,2,200.0
64,27,3,1,250.0
65,28,6,3,5.0
66,28,2,3,75.0
67,28,3,3,250.0
68,29,3,2,250.0
69,29,4,2,150.0
70,29,3,1,250.0
71,29,6,3,5.0
72,30,1,3,25.0
73,30,4,2,150.0
74,30,3,1,250.0
75,30,7,1,200.0
76,31,9,3,40.0
77,31,6,1,5.0
78,31,9,3,40.0
79,32,8,3,90.0
80,33,3,2,250.0
81,33,4,1,150.0
82,33,5,2,10.0
83,33,9,2,40.0
84,34,3,2,250.0
85,34,6,3,5.0
86,34,10,3,12.0
87,35,1,1,25.0
88,36,4,3,150.0
89,36,3,3,250.0
90,36,10,1,12.0
91,36,10,3,12.0
92,37,2,3,75.0
93,37,2,1,75.0
94,37,9,3,40.0
95,38,3,2,250.0
96,38,6,1,5.0
97,39,4,3,150.0
98,39,8,1,90.0
99,40,10,1,12.0
100,40,9,3,40.0
101,40,9,2,40.0
102,41,1,1,25.0
103,41,7,1,200.0
104,41,8,2,90.0
105,42,2,2,75.0
106,42,3,1,250.0
107,42,3,3,250.0
108,43,9,2,40.0
109,43,6,3,5.0
110,43,5,2,10.0
111,44,8,1,90.0
112,44,2,3,75.0
113,44,8,2,90.0
114,45,6,3,5.0
115,45,4,3,150.0
116,45,8,2,90.0
117,45,9,3,40.0
118,46,7,3,200.0
119,46,7,2,200.0
120,46,5,2,10.0
121,47,6,1,5.0
122,47,3,2,250.0
123,48,2,3,75.0
124,48,10,2,12.0
125,48,10,3,12.0
126,48,8,3,90.0
127,49,10,1,12.0
128,49,3,2,250.0
129,49,2,2,75.0
130,50,2,3,75.0
131,50,9,1,40.0
132,50,9,3,40.0
133,50,3,3,250.0
134,51,8,3,90.0
135,51,2,2,75.0
136,51,6,2,5.0
137,51,1,1,25.0
138,52,3,2,250.0
139,52,9,2,40.0
140,53,8,2,90.0
141,54,10,2,12.0
142,54,10,3,12.0
143,55,5,1,10.0
144,55,2,3,75.0
145,55,2,1,75.0
146,56,2,1,75.0
147,56,1,2,25.0
148,56,4,3,150.0
149,57,7,3,200.0
150,57,9,1,40.0
151,57,9,3,40.0
152,58,9,2,40.0
153,59,9,2,40.0
154,59,10,1,12.0
155,59,5,3,10.0
156,60,3,3,250.0
157,61,2,1,75.0
158,62,8,2,90.0
159,62,4,3,150.0
160,62,9,1,40.0
161,63,5,1,10.0
162,63,4,1,150.0
163,63,5,3,10.0
164,64,10,2,12.0
165,64,8,2,90.0
166,64,10,1,12.0
167,64,5,3,10.0
168,65,2,1,75.0
169,65,10,2,12.0
170,66,10,2,12.0
171,66,7,2,200.0
172,67,9,1,40.0
173,67,1,2,25.0
174,68,10,3,12.0
175,68,6,3,5.0
176,68,7,1,200.0
177,68,3,2,250.0
178,69,2,3,75.0
179,70,8,3,90.0
180,70,8,3,90.0
181,70,5,1,10.0
182,71,5,3,10.0
183,71,4,1,150.0
184,72,10,2,12.0
185,73,3,1,250.0
186,73,6,3,5.0
187,73,3,1,250.0
188,73,5,2,10.0
189,74,2,3,75.0
190,74,1,2,25.0
191,74,7,1,200.0
192,75,7,1,200.0
193,75,6,2,5.0
194,75,7,1,200.0
195,76,3,1,250.0
196,77,1,2,25.0
197,77,10,2,12.0
198,77,5,2,10.0
199,77,9,3,40.0
200,78,9,1,40.0
201,79,2,1,75.0
202,79,4,1,150.0
203,80,10,2,12.0
204,80,6,2,5.0
205,81,3,3,250.0
206,81,2,3,75.0
207,81,4,3,150.0
208,82,5,2,10.0
209,82,9,1,40.0
210,83,8,2,90.0
211,83,8,2,90.0
212,83,8,2,90.0
213,83,8,1,90.0
214,84,9,3,40.0
215,84,1,1,25.0
216,84,9,2,40.0
217,85,2,2,75.0
218,85,10,1,12.0
219,85,6,3,5.0
220,85,1,1,25.0
221,86,10,3,12.0
222,86,10,2,12.0
223,86,5,1,10.0
224,86,3,1,250.0
225,87,2,2,75.0
226,88,7,2,200.0
227,88,4,3,150.0
228,89,2,1,75.0
229,89,8,3,90.0
230,89,4,1,150.0
231,89,9,3,40.0
232,90,5,2,10.0
233,90,5,3,10.0
234,90,8,1,90.0
235,91,2,2,75.0
236,92,10,1,12.0
237,93,10,1,12.0
238,93,4,2,150.0
239,93,7,1,200.0
240,93,1,3,25.0
241,94,5,2,10.0
242,95,1,2,25.0
243,95,3,3,250.0
244,95,9,1,40.0
245,96,5,3,10.0
246,96,10,2,12.0
247,97,7,2,200.0
248,97,1,1,25.0
249,97,5,1,10.0
250,97,1,3,25.0
251,98,6,2,5.0
252,98,1,3,25.0
253,98,9,1,40.0
254,99,8,1,90.0
255,100,8,1,90.0
256,100,6,2,5.0
257,101,4,3,150.0
258,101,10,2,12.0
259,101,6,1,5.0
260,101,10,3,12.0
261,102,8,2,90.0
262,103,6,3,5.0
263,103,9,2,40.0
264,103,8,3,90.0
265,103,10,3,12.0
266,104,2,1,75.0
267,104,3,2,250.0
268,105,9,3,40.0
269,106,10,2,12.0
270,106,8,1,90.0
271,106,6,2,5.0
272,107,10,1,12.0
273,107,3,3,250.0
274,108,6,1,5.0
275,108,7,1,200.0
276,108,1,2,25.0
277,108,3,1,250.0
278,109,2,2,75.0
279,109,5,2,10.0
280,110,2,2,75.0
281,111,6,2,5.0
282,111,9,2,40.0
283,111,9,3,40.0
284,111,6,2,5.0
285,112,2,1,75.0
286,112,1,2,25.0
287,113,1,3,25.0
288,114,9,3,40.0
289,114,4,3,150.0
290,114,10,3,12.0
291,115,9,2,40.0
292,115,4,3,150.0
293,115,5,1,10.0
294,115,8,1,90.0
295,116,4,2,150.0
296,116,6,2,5.0
297,116,10,1,12.0
298,116,5,1,10.0
299,117,4,2,150.0
300,118,6,2,5.0
301,118,6,3,5.0
302,118,3,1,250.0
303,119,9,3,40.0
304,120,1,2,25.0
305,121,10,1,12.0
306,121,2,2,75.0
307,122,6,3,5.0
308,122,8,2,90.0
309,123,3,2,250.0
310,124,8,2,90.0
311,124,9,1,40.0
312,124,8,2,90.0
313,125,1,3,25.0
314,125,6,1,5.0
315,125,6,1,5.0
316,126,7,1,200.0
317,126,5,2,10.0
318,127,10,3,12.0
319,127,9,3,40.0
320,127,3,2,250.0
321,128,5,2,10.0
322,128,6,3,5.0
323,129,1,1,25.0
324,130,10,3,12.0
325,130,6,2,5.0
326,131,2,2,75.0
327,131,2,2,75.0
328,132,4,2,150.0
329,132,2,2,75.0
330,132,2,2,75.0
331,133,1,3,25.0
332,133,4,3,150.0
333,134,7,2,200.0
334,134,8,2,90.0
335,134,9,2,40.0
336,134,6,3,5.0
337,135,8,2,90.0
338,135,4,1,150.0
339,135,4,2,150.0
340,136,8,2,90.0
341,136,5,1,10.0
342,136,6,3,5.0
343,137,2,2,75.0
344,138,5,3,10.0
345,138,10,3,12.0
346,138,4,3,150.0
347,139,9,2,40.0
348,139,7,2,200.0
349,139,5,3,10.0
350,139,4,2,150.0
351,140,7,2,200.0
352,140,1,1,25.0
353,140,4,1,150.0
354,140,2,3,75.0
355,141,3,2,250.0
356,141,1,2,25.0
357,141,8,3,90.0
358,142,4,1,150.0
359,143,8,2,90.0
360,144,6,3,5.0
361,144,7,1,200.0
362,144,6,2,5.0
363,144,6,3,5.0
364,145,10,3,12.0
365,146,6,1,5.0
366,146,8,1,90.0
367,146,10,1,12.0
368,146,8,1,90.0
369,147,3,1,250.0
370,148,5,3,10.0
371,148,6,2,5.0
372,148,3,3,250.0
373,149,9,3,40.0
374,149,6,3,5.0
375,149,6,3,5.0
376,150,5,3,10.0
377,150,2,3,75.0
378,151,8,1,90.0
379,152,5,2,10.0
380,152,10,2,12.0
381,153,8,1,90.0
382,153,6,2,5.0
383,153,8,1,90.0
384,154,5,2,10.0
385,154,7,3,200.0
386,154,5,2,10.0
387,154,4,1,150.0
388,155,5,3,10.0
389,155,2,3,75.0
390,155,4,3,150.0
391,156,5,3,10.0
392,157,4,3,150.0
393,157,10,1,12.0
394,157,5,1,10.0
395,158,3,2,250.0
396,158,7,2,200.0
397,158,9,3,40.0
398,159,10,2,12.0
399,159,3,3,250.0
400,159,8,1,90.0
401,160,2,1,75.0
402,160,5,3,10.0
403,160,4,1,150.0
404,160,10,2,12.0
405,161,1,2,25.0
406,161,5,3,10.0
407,161,7,1,200.0
408,162,1,3,25.0
409,162,4,1,150.0
410,162,4,3,150.0
411,162,4,1,150.0
412,163,1,3,25.0
413,163,6,1,5.0
414,163,6,1,5.0
415,163,10,2,12.0
416,164,7,1,200.0
417,164,10,2,12.0
418,164,9,1,40.0
419,164,1,1,25.0
420,165,5,2,10.0
421,165,8,1,90.0
422,166,5,3,10.0
423,167,7,1,200.0
424,167,7,2,200.0
425,167,9,2,40.0
426,167,1,1,25.0
427,168,9,3,40.0
428,168,5,3,10.0
429,168,8,1,90.0
430,168,7,3,200.0
431,169,7,3,200.0
432,169,9,1,40.0
433,170,1,1,25.0
434,170,9,2,40.0
435,170,2,3,75.0
436,170,5,2,10.0
437,171,5,1,10.0
438,171,10,1,12.0
439,171,5,3,10.0
440,172,6,2,5.0
441,172,4,3,150.0
442,173,9,3,40.0
443,173,9,3,40.0
444,174,9,3,40.0
445,174,10,2,12.0
446,174,3,3,250.0
447,174,8,1,90.0
448,175,10,2,12.0
449,175,8,1,90.0
450,176,2,2,75.0
451,176,10,3,12.0
452,176,3,3,250.0
453,177,8,3,90.0
454,177,9,1,40.0
455,178,6,1,5.0
456,178,10,1,12.0
457,178,8,1,90.0
458,178,10,3,12.0
459,179,5,3,10.0
460,179,1,1,25.0
461,179,7,2,200.0
462,179,6,2,5.0
463,180,7,1,200.0
464,181,9,2,40.0
465,181,9,2,40.0
466,182,4,2,150.0
467,182,7,3,200.0
468,182,2,2,75.0
469,183,9,3,40.0
470,184,1,3,25.0
471,184,7,1,200.0
472,184,5,2,10.0
473,185,8,1,90.0
474,185,5,2,10.0
475,185,5,2,10.0
476,186,7,1,200.0
477,186,4,3,150.0
478,186,3,3,250.0
479,187,8,1,90.0
480,187,7,1,200.0
481,187,7,3,200.0
482,188,10,1,12.0
483,188,6,1,5.0
484,189,6,2,5.0
485,190,9,3,40.0
486,190,10,3,12.0
487,191,3,2,250.0
488,191,2,3,75.0
489,191,10,3,12.0
490,192,10,1,12.0
491,192,10,2,12.0
492,192,9,2,40.0
493,192,9,1,40.0
494,193,7,1,200.0
495,193,4,2,150.0
496,193,7,2,200.0
497,194,4,2,150.0
498,194,8,1,90.0
499,194,4,1,150.0
500,195,4,1,150.0
501,196,4,2,150.0
502,196,7,3,200.0
503,196,3,3,250.0
504,196,1,1,25.0
505,197,10,2,12.0
506,197,5,3,10.0
507,197,10,1,12.0
508,198,7,3,200.0
509,198,1,3,25.0
510,199,1,1,25.0
511,200,5,1,10.0
512,201,9,3,40.0
513,201,10,3,12.0
514,201,2,3,75.0
515,202,6,3,5.0
516,202,8,1,90.0
517,203,2,2,75.0
518,203,2,1,75.0
519,203,3,1,250.0
520,203,6,3,5.0
521,204,8,1,90.0
522,204,8,3,90.0
523,204,5,1,10.0
524,205,6,3,5.0
525,205,5,2,10.0
526,206,5,1,10.0
527,206,8,2,90.0
528,207,4,3,150.0
529,207,2,1,75.0
530,207,8,3,90.0
531,208,7,2,200.0
532,209,2,1,75.0
533,209,6,1,5.0
534,209,3,2,250.0
535,210,7,3,200.0
536,210,1,3,25.0
537,210,5,2,10.0
538,211,4,3,150.0
539,211,5,1,10.0
540,211,4,2,150.0
541,212,5,3,10.0
542,213,4,3,150.0
543,213,4,3,150.0
544,213,3,2,250.0
545,213,9,2,40.0
546,214,5,3,10.0
547,214,5,3,10.0
548,214,10,3,12.0
549,215,9,2,40.0
550,215,9,1,40.0
551,216,9,2,40.0
552,216,4,3,150.0
553,216,1,2,25.0
554,217,6,3,5.0
555,217,1,1,25.0
556,218,10,2,12.0
557,219,1,1,25.0
558,219,2,1,75.0
559,219,10,2,12.0
560,220,8,2,90.0
561,220,6,3,5.0
562,220,10,1,12.0
563,221,8,2,90.0
564,221,8,1,90.0
565,221,9,1,40.0
566,222,5,1,10.0
567,222,4,1,150.0
568,222,10,2,12.0
569,223,4,1,150.0
570,223,4,3,150.0
571,223,6,1,5.0
572,223,1,1,25.0
573,224,9,1,40.0
574,224,1,3,25.0
575,225,7,2,200.0
576,225,7,2,200.0
577,225,1,2,25.0
578,226,3,3,250.0
579,226,10,1,12.0
580,226,4,2,150.0
581,226,9,2,40.0
582,227,9,1,40.0
583,227,5,3,10.0
584,228,7,1,200.0
585,228,3,3,250.0
586,228,1,3,25.0
587,228,9,3,40.0
588,229,7,3,200.0
589,229,2,1,75.0
590,229,5,2,10.0
591,230,9,2,40.0
592,230,9,2,40.0
593,231,4,1,150.0
594,231,1,3,25.0
595,232,6,1,5.0
596,232,1,1,25.0
597,232,3,3,250.0
598,233,10,2,12.0
599,233,10,2,12.0
600,233,4,3,150.0
601,234,8,3,90.0
602,235,7,2,200.0
603,235,5,1,10.0
604,235,9,3,40.0
605,236,9,3,40.0
606,237,9,3,40.0
607,237,4,1,150.0
608,238,8,3,90.0
609,238,2,2,75.0
610,239,3,2,250.0
611,240,9,3,40.0
612,241,1,1,25.0
613,241,1,2,25.0
614,242,9,3,40.0
615,242,6,1,5.0
616,242,1,1,25.0
617,242,9,3,40.0
618,243,9,1,40.0
619,243,10,3,12.0
620,243,2,1,75.0
621,243,3,1,250.0
622,244,2,2,75.0
623,244,10,3,12.0
624,244,2,3,75.0
625,244,8,1,90.0
626,245,9,3,40.0
627,245,5,1,10.0
628,245,8,2,90.0
629,245,9,1,40.0
630,246,1,2,25.0
631,246,1,1,25.0
632,246,8,2,90.0
633,246,9,3,40.0
634,247,10,2,12.0
635,248,5,3,10.0
636,248,2,2,75.0
637,249,3,1,250.0
638,249,3,1,250.0
639,250,9,3,40.0
640,250,7,1,200.0
641,251,7,3,200.0
642,251,2,1,75.0
643,251,10,1,12.0
644,251,10,2,12.0
645,252,1,3,25.0
646,253,3,1,250.0
647,253,2,3,75.0
648,253,8,1,90.0
649,253,3,2,250.0
650,254,10,2,12.0
651,254,2,3,75.0
652,254,6,2,5.0
653,255,2,1,75.0
654,256,8,1,90.0
655,256,3,3,250.0
656,256,1,1,25.0
657,256,8,3,90.0
658,257,3,3,250.0
659,257,4,2,150.0
660,257,9,3,40.0
661,258,2,1,75.0
662,258,5,1,10.0
663,259,2,3,75.0
664,259,5,1,10.0
665,259,10,2,12.0
666,260,4,1,150.0
667,261,3,1,250.0
668,261,3,3,250.0
669,261,4,3,150.0
670,261,3,3,250.0
671,262,6,3,5.0
672,262,7,2,200.0
673,263,6,3,5.0
674,264,8,2,90.0
675,264,1,3,25.0
676,264,5,3,10.0
677,264,5,1,10.0
678,265,9,3,40.0
679,266,7,2,200.0
680,267,4,2,150.0
681,267,6,1,5.0
682,267,9,3,40.0
683,267,4,3,150.0
684,268,1,1,25.0
685,269,3,3,250.0
686,269,6,1,5.0
687,269,9,2,40.0
688,269,8,1,90.0
689,270,8,2,90.0
690,271,10,1,12.0
691,272,4,1,150.0
692,272,9,2,40.0
693,273,6,3,5.0
694,273,9,3,40.0
695,273,9,2,40.0
696,273,4,1,150.0
697,274,2,3,75.0
698,275,7,1,200.0
699,276,1,2,25.0
700,276,1,3,25.0
701,276,8,2,90.0
702,276,6,2,5.0
703,277,3,1,250.0
704,277,2,2,75.0
705,277,5,1,10.0
706,278,10,1,12.0
707,279,5,2,10.0
708,279,1,1,25.0
709,279,9,2,40.0
710,279,7,3,200.0
711,280,3,3,250.0
712,281,6,2,5.0
713,281,10,1,12.0
714,282,9,2,40.0
715,283,7,1,200.0
716,284,7,2,200.0
717,284,3,2,250.0
718,284,2,1,75.0
719,285,9,3,40.0
720,285,8,3,90.0
721,286,2,1,75.0
722,286,7,2,200.0
723,286,3,2,250.0
724,286,3,2,250.0
725,287,6,2,5.0
726,287,5,2,10.0
727,288,4,2,150.0
728,289,3,3,250.0
729,289,6,2,5.0
730,289,2,2,75.0
731,289,6,3,5.0
732,290,1,2,25.0
733,290,9,2,40.0
734,291,7,2,200.0
735,291,7,2,200.0
736,291,3,2,250.0
737,292,1,3,25.0
738,292,2,2,75.0
739,292,8,3,90.0
740,293,1,1,25.0
741,293,6,3,5.0
742,293,4,2,150.0
743,294,1,2,25.0
744,294,8,3,90.0
745,294,4,3,150.0
746,294,4,2,150.0
747,295,6,2,5.0
748,295,5,1,10.0
749,296,8,2,90.0
750,296,1,1,25.0
751,297,2,3,75.0
752,298,6,1,5.0
753,298,10,2,12.0
754,298,2,1,75.0
755,298,9,2,40.0
756,299,8,2,90.0
757,299,10,2,12.0
758,300,7,3,200.0
759,301,6,3,5.0
760,302,7,3,200.0
761,303,8,1,90.0
762,303,5,1,10.0
763,304,7,3,200.0
764,305,5,3,10.0
765,306,4,2,150.0
766,306,9,2,40.0
767,307,1,2,25.0
768,307,3,1,250.0
769,307,7,1,200.0
770,308,5,1,10.0
771,308,2,1,75.0
772,308,5,3,10.0
773,309,10,1,12.0
774,309,3,1,250.0
775,309,7,1,200.0
776,310,9,2,40.0
777,311,4,3,150.0
778,311,3,3,250.0
779,311,5,1,10.0
780,311,5,1,10.0
781,312,7,2,200.0
782,312,4,2,150.0
783,313,3,1,250.0
784,313,10,1,12.0
785,313,4,2,150.0
786,313,7,3,200.0
787,314,5,3,10.0
788,314,5,2,10.0
789,314,9,1,40.0
790,314,6,3,5.0
791,315,7,1,200.0
792,316,2,2,75.0
793,316,10,1,12.0
794,317,6,3,5.0
795,317,4,1,150.0
796,318,4,2,150.0
797,318,7,3,200.0
798,318,3,3,250.0
799,318,5,3,10.0
800,319,5,3,10.0
801,319,7,1,200.0
802,319,5,1,10.0
803,319,6,2,5.0
804,320,6,1,5.0
805,320,3,1,250.0
806,320,5,3,10.0
807,320,1,2,25.0
808,321,6,1,5.0
809,321,4,1,150.0
810,321,5,2,10.0
811,321,9,2,40.0
812,322,5,3,10.0
813,322,9,2,40.0
814,323,1,3,25.0
815,323,2,2,75.0
816,324,7,2,200.0
817,325,10,2,12.0
818,325,6,3,5.0
819,325,6,1,5.0
820,326,4,3,150.0
821,327,3,2,250.0
822,327,9,1,40.0
823,328,3,1,250.0
824,328,9,3,40.0
825,328,4,1,150.0
826,328,4,2,150.0
827,329,10,3,12.0
828,329,2,2,75.0
829,329,9,2,40.0
830,329,1,1,25.0
831,330,2,3,75.0
832,330,9,1,40.0
833,330,3,1,250.0
834,331,9,3,40.0
835,331,5,2,10.0
836,331,4,1,150.0
837,331,8,2,90.0
838,332,3,1,250.0
839,333,1,1,25.0
840,333,9,3,40.0
841,334,3,3,250.0
842,335,3,2,250.0
843,335,4,2,150.0
844,335,3,2,250.0
845,335,8,1,90.0
846,336,7,1,200.0
847,336,8,3,90.0
848,337,1,3,25.0
849,337,4,2,150.0
850,338,6,1,5.0
851,338,1,1,25.0
852,339,9,3,40.0
853,339,5,2,10.0
854,340,10,1,12.0
855,340,1,2,25.0
856,340,8,2,90.0
857,341,9,1,40.0
858,342,9,2,40.0
859,343,9,2,40.0
860,343,2,3,75.0
861,344,2,2,75.0
862,344,1,3,25.0
863,344,1,2,25.0
864,344,5,1,10.0
865,345,6,2,5.0
866,346,1,1,25.0
867,346,4,1,150.0
868,347,5,2,10.0
869,348,10,1,12.0
870,348,9,3,40.0
871,349,10,3,12.0
872,349,7,1,200.0
873,349,2,2,75.0
874,349,6,2,5.0
875,350,6,3,5.0
876,350,1,3,25.0
877,350,2,1,75.0
878,350,7,3,200.0
879,351,7,2,200.0
880,352,3,3,250.0
881,352,1,1,25.0
882,352,7,2,200.0
883,353,3,1,250.0
884,354,1,2,25.0
885,354,7,1,200.0
886,355,4,3,150.0
887,356,7,3,200.0
888,357,5,2,10.0
889,357,3,3,250.0
890,358,7,3,200.0
891,358,8,2,90.0
892,358,3,3,250.0
893,359,5,2,10.0
894,359,4,1,150.0
895,359,9,3,40.0
896,359,9,2,40.0
897,360,7,1,200.0
898,360,2,1,75.0
899,361,1,3,25.0
900,361,7,3,200.0
901,361,6,3,5.0
902,362,3,2,250.0
903,363,10,3,12.0
904,364,10,3,12.0
905,364,9,1,40.0
906,365,1,1,25.0
907,365,6,2,5.0
908,365,2,3,75.0
909,365,10,1,12.0
910,366,6,3,5.0
911,366,7,2,200.0
912,366,4,1,150.0
913,366,4,2,150.0
914,367,7,3,200.0
915,367,8,2,90.0
916,367,3,1,250.0
917,367,8,2,90.0
918,368,5,2,10.0
919,368,1,2,25.0
920,369,6,1,5.0
921,369,2,1,75.0
922,370,2,2,75.0
923,370,10,2,12.0
924,370,4,2,150.0
925,370,1,1,25.0
926,371,10,1,12.0
927,372,4,2,150.0
928,372,5,1,10.0
929,372,4,1,150.0
930,372,6,1,5.0
931,373,8,2,90.0
932,373,6,2,5.0
933,374,7,2,200.0
934,374,2,3,75.0
935,374,10,1,12.0
936,374,9,2,40.0
937,375,10,2,12.0
938,376,8,2,90.0
939,377,3,2,250.0
940,377,4,2,150.0
941,377,1,3,25.0
942,377,7,3,200.0
943,378,2,2,75.0
944,378,9,1,40.0
945,378,8,2,90.0
946,378,4,2,150.0
947,379,1,3,25.0
948,380,4,3,150.0
949,380,5,3,10.0
950,380,6,2,5.0
951,381,7,3,200.0
952,381,2,1,75.0
953,381,10,1,12.0
954,382,1,1,25.0
955,383,4,2,150.0
956,383,1,1,25.0
957,384,4,1,150.0
958,385,8,2,90.0
959,385,3,2,250.0
960,385,8,1,90.0
961,385,1,1,25.0
962,386,2,1,75.0
963,386,9,2,40.0
964,386,8,3,90.0
965,387,8,1,90.0
966,388,5,2,10.0
967,388,4,2,150.0
968,388,9,1,40.0
969,389,2,1,75.0
970,389,7,3,200.0
971,389,10,3,12.0
972,389,1,2,25.0
973,390,9,1,40.0
974,391,1,2,25.0
975,391,8,3,90.0
976,392,7,1,200.0
977,393,9,3,40.0
978,393,4,2,150.0
979,394,1,1,25.0
980,394,2,3,75.0
981,394,10,2,12.0
982,394,5,1,10.0
983,395,7,2,200.0
984,395,10,2,12.0
985,395,6,3,5.0
986,395,3,1,250.0
987,396,10,1,12.0
988,397,6,1,5.0
989,398,9,3,40.0
990,398,3,1,250.0
991,399,7,2,200.0
992,399,5,2,10.0
993,399,1,2,25.0
994,399,1,3,25.0
995,400,7,1,200.0
996,401,2,1,75.0
997,401,9,3,40.0
998,402,8,3,90.0
999,402,4,3,150.0
1000,402,5,2,10.0
1001,402,5,1,10.0
1002,403,7,1,200.0
1003,403,8,2,90.0
1004,403,1,2,25.0
1005,404,9,1,40.0
1006,405,10,2,12.0
1007,405,9,3,40.0
1008,405,5,1,10.0
1009,405,1,1,25.0
1010,406,10,1,12.0
1011,406,8,2,90.0
1012,407,8,2,90.0
1013,407,2,2,75.0
1014,407,5,3,10.0
1015,408,8,2,90.0
1016,408,9,1,40.0
1017,408,7,1,200.0
1018,409,9,1,40.0
1019,409,3,2,250.0
1020,409,2,1,75.0
1021,410,9,3,40.0
1022,410,9,2,40.0
1023,410,4,3,150.0
1024,410,8,2,90.0
1025,411,7,2,200.0
1026,411,3,1,250.0
1027,412,1,3,25.0
1028,412,4,2,150.0
1029,412,9,2,40.0
1030,413,6,3,5.0
1031,414,7,2,200.0
1032,414,10,3,12.0
1033,414,7,1,200.0
1034,415,10,1,12.0
1035,416,9,3,40.0
1036,416,10,1,12.0
1037,416,4,3,150.0
1038,417,2,3,75.0
1039,417,2,3,75.0
1040,417,8,3,90.0
1041,418,5,2,10.0
1042,418,3,3,250.0
1043,418,4,2,150.0
1044,419,1,3,25.0
1045,419,10,3,12.0
1046,419,2,1,75.0
1047,420,9,1,40.0
1048,420,1,1,25.0
1049,421,5,3,10.0
1050,421,6,2,5.0
1051,421,8,1,90.0
1052,421,7,2,200.0
1053,422,8,2,90.0
1054,422,2,3,75.0
1055,422,7,1,200.0
1056,422,6,2,5.0
1057,423,9,2,40.0
1058,423,4,1,150.0
1059,424,2,3,75.0
1060,424,3,1,250.0
1061,424,3,3,250.0
1062,424,5,1,10.0
1063,425,9,3,40.0
1064,425,2,3,75.0
1065,426,8,2,90.0
1066,426,1,3,25.0
1067,426,7,1,200.0
1068,427,9,1,40.0
1069,427,1,3,25.0
1070,427,9,1,40.0
1071,428,1,1,25.0
1072,429,2,1,75.0
1073,429,2,1,75.0
1074,429,4,1,150.0
1075,429,4,2,150.0
1076,430,5,1,10.0
1077,430,9,2,40.0
1078,430,3,3,250.0
1079,430,2,3,75.0
1080,431,7,3,200.0
1081,431,4,1,150.0
1082,431,2,2,75.0
1083,432,1,3,25.0
1084,432,2,2,75.0
1085,432,3,1,250.0
1086,432,10,3,12.0
1087,433,8,2,90.0
1088,433,3,2,250.0
1089,434,6,2,5.0
1090,434,8,2,90.0
1091,434,7,3,200.0
1092,435,7,2,200.0
1093,436,7,3,200.0
1094,437,3,1,250.0
1095,437,2,3,75.0
1096,438,8,2,90.0
1097,438,9,1,40.0
1098,438,2,3,75.0
1099,438,8,1,90.0
1100,439,9,1,40.0
1101,439,10,1,12.0
1102,439,1,1,25.0
1103,440,7,3,200.0
1104,440,3,3,250.0
1105,440,4,2,150.0
1106,441,7,2,200.0
1107,442,4,2,150.0
1108,442,8,3,90.0
1109,442,6,2,5.0
1110,443,2,1,75.0
1111,443,5,2,10.0
1112,443,2,2,75.0
1113,444,8,2,90.0
1114,445,10,3,12.0
1115,446,9,2,40.0
1116,446,8,2,90.0
1117,446,5,2,10.0
1118,446,4,2,150.0
1119,447,6,3,5.0
1120,448,1,2,25.0
1121,448,9,2,40.0
1122,448,2,2,75.0
1123,448,2,1,75.0
1124,449,2,3,75.0
1125,449,7,1,200.0
1126,450,7,1,200.0
1127,451,1,1,25.0
1128,451,9,3,40.0
1129,451,9,2,40.0
1130,451,4,3,150.0
1131,452,5,1,10.0
1132,452,8,3,90.0
1133,452,1,3,25.0
1134,452,9,1,40.0
1135,453,5,3,10.0
1136,453,2,3,75.0
1137,453,5,3,10.0
1138,454,7,1,200.0
1139,454,3,3,250.0
1140,454,7,3,200.0
1141,455,10,2,12.0
1142,455,7,3,200.0
1143,455,3,1,250.0
1144,456,1,3,25.0
1145,456,7,1,200.0
1146,456,9,3,40.0
1147,456,1,2,25.0
1148,457,1,3,25.0
1149,457,10,3,12.0
1150,458,7,3,200.0
1151,458,1,1,25.0
1152,458,4,3,150.0
1153,459,2,1,75.0
1154,459,1,3,25.0
1155,460,4,1,150.0
1156,461,3,1,250.0
1157,462,5,1,10.0
1158,462,8,2,90.0
1159,462,3,2,250.0
1160,462,3,2,250.0
1161,463,10,1,12.0
1162,463,6,3,5.0
1163,463,4,1,150.0
1164,463,2,2,75.0
1165,464,1,3,25.0
1166,465,8,2,90.0
1167,465,8,3,90.0
1168,466,5,3,10.0
1169,466,1,1,25.0
1170,467,2,1,75.0
1171,467,8,2,90.0
1172,467,1,2,25.0
1173,468,8,2,90.0
1174,469,8,3,90.0
1175,469,2,2,75.0
1176,469,9,3,40.0
1177,470,6,1,5.0
1178,470,7,3,200.0
1179,471,5,2,10.0
1180,471,4,1,150.0
1181,472,6,2,5.0
1182,472,8,1,90.0
1183,472,1,1,25.0
1184,472,6,2,5.0
1185,473,4,2,150.0
1186,473,6,3,5.0
1187,474,3,1,250.0
1188,474,5,2,10.0
1189,475,4,3,150.0
1190,475,1,1,25.0
1191,476,5,3,10.0
1192,476,3,2,250.0
1193,477,2,2,75.0
1194,477,2,2,75.0
1195,477,5,3,10.0
1196,478,4,3,150.0
1197,478,4,3,150.0
1198,478,3,2,250.0
1199,478,6,2,5.0
1200,479,2,1,75.0
1201,480,10,1,12.0
1202,480,2,1,75.0
1203,480,1,1,25.0
1204,480,4,2,150.0
1205,481,2,2,75.0
1206,481,4,2,150.0
1207,482,2,2,75.0
1208,482,5,3,10.0
1209,482,5,1,10.0
1210,482,4,3,150.0
1211,483,4,2,150.0
1212,483,9,3,40.0
1213,484,4,3,150.0
1214,484,2,3,75.0
1215,484,8,3,90.0
1216,484,4,3,150.0
1217,485,4,3,150.0
1218,485,1,2,25.0
1219,485,5,3,10.0
1220,485,2,1,75.0
1221,486,1,2,25.0
1222,487,3,3,250.0
1223,487,6,3,5.0
1224,488,5,3,10.0
1225,488,7,1,200.0
1226,489,7,2,200.0
1227,489,5,2,10.0
1228,489,8,3,90.0
1229,489,5,1,10.0
1230,490,10,1,12.0
1231,490,4,3,150.0
1232,491,8,3,90.0
1233,492,9,3,40.0
1234,493,8,1,90.0
1235,494,3,3,250.0
1236,495,2,1,75.0
1237,495,1,3,25.0
1238,495,6,3,5.0
1239,496,10,1,12.0
1240,497,10,3,12.0
1241,497,1,2,25.0
1242,497,5,2,10.0
1243,497,1,3,25.0
1244,498,4,1,150.0
1245,499,4,3,150.0
1246,499,7,2,200.0
1247,499,10,3,12.0
1248,499,6,3,5.0
1249,500,8,2,90.0
1250,500,9,2,40.0
1251,500,3,2,250.0
1252,500,5,1,10.0
1253,501,7,3,200.0
1254,501,7,1,200.0
1255,501,3,2,250.0
1256,501,8,2,90.0
1257,502,3,1,250.0
1258,502,8,3,90.0
1259,503,7,2,200.0
1260,504,2,2,75.0
1261,504,2,3,75.0
1262,505,3,2,250.0
1263,505,2,3,75.0
1264,505,4,3,150.0
1265,506,6,1,5.0
1266,506,4,1,150.0
1267,507,4,3,150.0
1268,507,1,3,25.0
1269,507,8,3,90.0
1270,507,2,2,75.0
1271,508,7,2,200.0
1272,508,7,2,200.0
1273,508,4,1,150.0
1274,509,10,2,12.0
1275,510,1,1,25.0
1276,511,10,1,12.0
1277,511,3,3,250.0
1278,511,3,1,250.0
1279,511,7,3,200.0
1280,512,4,1,150.0
1281,512,1,1,25.0
1282,512,1,3,25.0
1283,512,7,2,200.0
1284,513,1,3,25.0
1285,513,6,2,5.0
1286,513,10,3,12.0
1287,514,9,1,40.0
1288,514,6,3,5.0
1289,515,3,3,250.0
1290,515,1,3,25.0
1291,515,5,2,10.0
1292,515,4,3,150.0
1293,516,3,2,250.0
1294,516,8,3,90.0
1295,516,10,1,12.0
1296,517,7,3,200.0
1297,517,4,1,150.0
1298,517,5,3,10.0
1299,517,6,3,5.0
1300,518,7,2,200.0
1301,518,6,2,5.0
1302,519,4,1,150.0
1303,520,3,2,250.0
1304,521,6,3,5.0
1305,522,10,3,12.0
1306,522,2,3,75.0
1307,523,7,3,200.0
1308,523,3,3,250.0
1309,523,4,3,150.0
1310,524,3,3,250.0
1311,525,5,1,10.0
1312,525,1,3,25.0
1313,526,9,2,40.0
1314,526,5,3,10.0
1315,526,3,1,250.0
1316,526,5,3,10.0
1317,527,8,3,90.0
1318,527,4,1,150.0
1319,527,4,2,150.0
1320,527,1,2,25.0
1321,528,9,3,40.0
1322,528,5,1,10.0
1323,528,4,2,150.0
1324,528,2,3,75.0
1325,529,3,2,250.0
1326,529,5,2,10.0
1327,529,1,2,25.0
1328,530,4,2,150.0
1329,530,3,3,250.0
1330,531,5,2,10.0
1331,531,10,1,12.0
1332,532,4,3,150.0
1333,532,1,3,25.0
1334,532,10,2,12.0
1335,532,2,3,75.0
1336,533,4,2,150.0
1337,533,5,2,10.0
1338,534,8,2,90.0
1339,534,10,1,12.0
1340,534,5,2,10.0
1341,535,3,3,250.0
1342,535,6,3,5.0
1343,536,3,1,250.0
1344,536,2,1,75.0
1345,537,1,3,25.0
1346,537,2,2,75.0
1347,538,5,3,10.0
1348,538,7,2,200.0
1349,538,1,3,25.0
1350,539,5,3,10.0
1351,539,5,3,10.0
1352,540,7,1,200.0
1353,540,2,1,75.0
1354,540,3,2,250.0
1355,540,2,2,75.0
1356,541,3,2,250.0
1357,541,3,3,250.0
1358,542,1,3,25.0
1359,542,6,1,5.0
1360,543,6,1,5.0
1361,543,6,2,5.0
1362,544,10,3,12.0
1363,544,2,3,75.0
1364,545,5,3,10.0
1365,545,5,1,10.0
1366,546,5,2,10.0
1367,546,4,3,150.0
1368,546,8,3,90.0
1369,546,4,1,150.0
1370,547,7,1,200.0
1371,547,5,2,10.0
1372,548,5,1,10.0
1373,548,8,3,90.0
1374,548,10,1,12.0
1375,549,5,1,10.0
1376,550,8,1,90.0
1377,550,4,3,150.0
1378,550,5,2,10.0
1379,550,1,3,25.0
1380,551,3,2,250.0
1381,551,4,2,150.0
1382,551,3,2,250.0
1383,551,2,3,75.0
1384,552,5,3,10.0
1385,553,5,1,10.0
1386,553,10,3,12.0
1387,554,4,1,150.0
1388,554,3,1,250.0
1389,554,5,1,10.0
1390,554,6,1,5.0
1391,555,1,3,25.0
1392,555,7,3,200.0
1393,556,7,3,200.0
1394,556,9,2,40.0
1395,556,10,2,12.0
1396,556,7,1,200.0
1397,557,6,1,5.0
1398,557,9,1,40.0
1399,557,8,2,90.0
1400,557,2,2,75.0
1401,558,7,3,200.0
1402,558,3,2,250.0
1403,558,10,1,12.0
1404,558,10,2,12.0
1405,559,4,1,150.0
1406,559,5,2,10.0
1407,560,1,3,25.0
1408,560,4,3,150.0
1409,561,1,2,25.0
1410,561,1,2,25.0
1411,561,9,2,40.0
1412,561,5,3,10.0
1413,562,3,1,250.0
1414,562,5,3,10.0
1415,563,3,2,250.0
1416,563,7,1,200.0
1417,564,1,2,25.0
1418,564,10,3,12.0
1419,564,8,3,90.0
1420,565,2,3,75.0
1421,565,5,3,10.0
1422,566,5,3,10.0
1423,567,8,2,90.0
1424,567,1,3,25.0
1425,567,8,1,90.0
1426,567,8,2,90.0
1427,568,8,3,90.0
1428,568,10,3,12.0
1429,568,7,1,200.0
1430,569,2,2,75.0
1431,570,1,2,25.0
1432,570,7,1,200.0
1433,570,10,1,12.0
1434,571,4,2,150.0
1435,571,4,1,150.0
1436,571,10,3,12.0
1437,572,3,2,250.0
1438,572,10,3,12.0
1439,572,7,1,200.0
1440,572,4,1,150.0
1441,573,10,3,12.0
1442,573,2,2,75.0
1443,573,7,3,200.0
1444,574,9,2,40.0
1445,574,4,2,150.0
1446,574,7,2,200.0
1447,575,4,1,150.0
1448,575,6,1,5.0
1449,575,8,3,90.0
1450,575,4,1,150.0
1451,576,5,3,10.0
1452,576,6,2,5.0
1453,576,7,2,200.0
1454,577,5,1,10.0
1455,577,10,3,12.0
1456,577,10,3,12.0
1457,577,5,2,10.0
1458,578,4,3,150.0
1459,578,4,2,150.0
1460,578,8,1,90.0
1461,579,2,2,75.0
1462,579,5,2,10.0
1463,579,5,3,10.0
1464,580,9,3,40.0
1465,580,9,2,40.0
1466,581,2,1,75.0
1467,581,10,1,12.0
1468,581,9,2,40.0
1469,582,1,3,25.0
1470,582,9,1,40.0
1471,582,10,3,12.0
1472,582,2,2,75.0
1473,583,4,1,150.0
1474,584,6,1,5.0
1475,584,4,2,150.0
1476,585,6,3,5.0
1477,585,8,1,90.0
1478,586,8,3,90.0
1479,586,3,2,250.0
1480,587,9,2,40.0
1481,587,7,3,200.0
1482,587,9,3,40.0
1483,587,10,2,12.0
1484,588,6,2,5.0
1485,588,6,3,5.0
1486,588,9,1,40.0
1487,589,3,2,250.0
1488,589,6,1,5.0
1489,589,1,2,25.0
1490,589,6,2,5.0
1491,590,4,1,150.0
1492,590,4,2,150.0
1493,590,7,2,200.0
1494,590,6,3,5.0
1495,591,4,2,150.0
1496,591,8,2,90.0
1497,591,3,1,250.0
1498,592,8,3,90.0
1499,592,3,2,250.0
1500,592,2,1,75.0
1501,592,4,2,150.0
1502,593,4,3,150.0
1503,594,8,1,90.0
1504,594,1,3,25.0
1505,595,9,1,40.0
1506,595,10,1,12.0
1507,596,9,3,40.0
1508,597,1,2,25.0
1509,597,8,3,90.0
1510,597,2,2,75.0
1511,598,5,2,10.0
1512,598,7,1,200.0
1513,599,3,3,250.0
1514,599,3,3,250.0
1515,600,3,3,250.0
1516,600,1,1,25.0
1517,601,6,3,5.0
1518,601,1,2,25.0
1519,602,7,2,200.0
1520,602,6,2,5.0
1521,602,8,3,90.0
1522,603,1,3,25.0
1523,603,1,3,25.0
1524,604,10,1,12.0
1525,604,6,2,5.0
1526,605,3,2,250.0
1527,605,8,2,90.0
1528,605,9,3,40.0
1529,606,5,3,10.0
1530,607,10,3,12.0
1531,608,3,3,250.0
1532,608,2,3,75.0
1533,608,5,2,10.0
1534,608,7,3,200.0
1535,609,5,3,10.0
1536,610,10,2,12.0
1537,610,10,1,12.0
1538,610,1,1,25.0
1539,610,1,1,25.0
1540,611,1,2,25.0
1541,612,6,1,5.0
1542,612,4,1,150.0
1543,612,4,2,150.0
1544,612,8,2,90.0
1545,613,3,3,250.0
1546,613,10,3,12.0
1547,613,2,1,75.0
1548,614,10,1,12.0
1549,614,6,3,5.0
1550,614,5,3,10.0
1551,614,7,3,200.0
1552,615,10,3,12.0
1553,615,1,1,25.0
1554,615,10,1,12.0
1555,616,4,2,150.0
1556,616,7,3,200.0
1557,616,4,1,150.0
1558,616,1,3,25.0
1559,617,9,2,40.0
1560,617,5,3,10.0
1561,617,2,2,75.0
1562,617,2,1,75.0
1563,618,2,2,75.0
1564,619,8,2,90.0
1565,619,4,1,150.0
1566,619,4,3,150.0
1567,620,9,3,40.0
1568,620,6,2,5.0
1569,621,5,2,10.0
1570,621,9,1,40.0
1571,622,6,1,5.0
1572,623,9,1,40.0
1573,623,1,3,25.0
1574,623,2,2,75.0
1575,624,8,2,90.0
1576,624,5,2,10.0
1577,624,7,2,200.0
1578,625,7,2,200.0
1579,625,4,3,150.0
1580,625,5,3,10.0
1581,626,9,1,40.0
1582,626,1,3,25.0
1583,627,9,1,40.0
1584,627,7,2,200.0
1585,628,1,1,25.0
1586,628,5,2,10.0
1587,628,2,2,75.0
1588,628,4,3,150.0
1589,629,6,2,5.0
1590,629,10,3,12.0
1591,629,2,2,75.0
1592,630,2,1,75.0
1593,630,6,3,5.0
1594,630,5,2,10.0
1595,631,3,2,250.0
1596,632,9,1,40.0
1597,633,9,3,40.0
1598,633,2,3,75.0
1599,633,1,3,25.0
1600,633,10,2,12.0
1601,634,8,1,90.0
1602,634,10,2,12.0
1603,634,10,1,12.0
1604,634,10,2,12.0
1605,635,1,2,25.0
1606,635,9,3,40.0
1607,635,9,2,40.0
1608,635,1,3,25.0
1609,636,9,2,40.0
1610,637,2,1,75.0
1611,637,5,3,10.0
1612,637,1,3,25.0
1613,638,10,3,12.0
1614,639,6,3,5.0
1615,639,10,2,12.0
1616,640,4,2,150.0
1617,640,1,2,25.0
1618,640,7,3,200.0
1619,641,8,3,90.0
1620,642,7,3,200.0
1621,643,5,2,10.0
1622,644,2,1,75.0
1623,645,1,2,25.0
1624,645,5,1,10.0
1625,646,2,2,75.0
1626,646,5,3,10.0
1627,646,10,1,12.0
1628,646,6,1,5.0
1629,647,4,2,150.0
1630,647,2,2,75.0
1631,647,6,3,5.0
1632,647,9,3,40.0
1633,648,2,1,75.0
1634,648,8,3,90.0
1635,648,9,1,40.0
1636,649,5,3,10.0
1637,649,5,1,10.0
1638,649,9,1,40.0
1639,650,8,2,90.0
1640,650,5,3,10.0
1641,651,2,2,75.0
1642,652,1,1,25.0
1643,652,4,2,150.0
1644,652,1,3,25.0
1645,653,6,3,5.0
1646,653,10,1,12.0
1647,653,6,1,5.0
1648,654,3,1,250.0
1649,654,6,2,5.0
1650,654,9,3,40.0
1651,655,10,1,12.0
1652,655,1,2,25.0
1653,656,4,3,150.0
1654,657,2,1,75.0
1655,657,9,3,40.0
1656,657,4,3,150.0
1657,657,8,2,90.0
1658,658,6,2,5.0
1659,658,1,3,25.0
1660,659,8,2,90.0
1661,659,7,1,200.0
1662,659,10,2,12.0
1663,659,3,2,250.0
1664,660,1,3,25.0
1665,660,4,2,150.0
1666,661,10,3,12.0
1667,661,7,3,200.0
1668,662,4,1,150.0
1669,662,2,1,75.0
1670,662,6,2,5.0
1671,663,8,2,90.0
1672,664,1,2,25.0
1673,664,6,1,5.0
1674,664,4,1,150.0
1675,664,5,3,10.0
1676,665,1,1,25.0
1677,665,6,2,5.0
1678,665,4,3,150.0
1679,666,2,2,75.0
1680,666,5,2,10.0
1681,667,7,2,200.0
1682,667,6,2,5.0
1683,667,6,1,5.0
1684,667,10,3,12.0
1685,668,7,1,200.0
1686,669,9,2,40.0
1687,669,3,3,250.0
1688,669,5,1,10.0
1689,670,8,3,90.0
1690,670,2,3,75.0
1691,670,4,3,150.0
1692,670,4,2,150.0
1693,671,1,1,25.0
1694,671,3,1,250.0
1695,671,5,3,10.0
1696,671,4,1,150.0
1697,672,8,1,90.0
1698,672,2,2,75.0
1699,672,9,1,40.0
1700,672,6,1,5.0
1701,673,10,1,12.0
1702,673,10,1,12.0
1703,673,10,1,12.0
1704,673,6,2,5.0
1705,674,7,2,200.0
1706,674,10,3,12.0
1707,674,2,2,75.0
1708,674,8,3,90.0
1709,675,6,1,5.0
1710,675,6,1,5.0
1711,676,7,2,200.0
1712,676,10,1,12.0
1713,676,3,1,250.0
1714,676,6,3,5.0
1715,677,9,2,40.0
1716,677,9,3,40.0
1717,677,1,3,25.0
1718,677,10,2,12.0
1719,678,5,2,10.0
1720,678,3,1,250.0
1721,679,5,1,10.0
1722,679,6,3,5.0
1723,679,8,3,90.0
1724,680,7,2,200.0
1725,681,4,1,150.0
1726,682,6,2,5.0
1727,682,9,1,40.0
1728,682,9,3,40.0
1729,682,9,3,40.0
1730,683,6,2,5.0
1731,684,8,3,90.0
1732,685,7,1,200.0
1733,685,3,2,250.0
1734,685,8,2,90.0
1735,685,9,1,40.0
1736,686,7,1,200.0
1737,686,9,1,40.0
1738,687,5,1,10.0
1739,687,2,2,75.0
1740,687,4,1,150.0
1741,688,3,3,250.0
1742,688,3,1,250.0
1743,689,2,2,75.0
1744,689,10,3,12.0
1745,689,4,2,150.0
1746,690,6,3,5.0
1747,690,10,3,12.0
1748,690,7,2,200.0
1749,691,7,2,200.0
1750,691,2,2,75.0
1751,691,3,1,250.0
1752,692,2,1,75.0
1753,692,4,2,150.0
1754,693,4,1,150.0
1755,693,4,1,150.0
1756,693,2,3,75.0
1757,694,7,1,200.0
1758,695,2,1,75.0
1759,695,4,2,150.0
1760,695,1,2,25.0
1761,696,3,2,250.0
1762,696,7,2,200.0
1763,696,7,3,200.0
1764,696,2,3,75.0
1765,697,8,2,90.0
1766,697,4,1,150.0
1767,697,10,3,12.0
1768,697,8,1,90.0
1769,698,2,2,75.0
1770,698,7,2,200.0
1771,699,5,2,10.0
1772,699,9,3,40.0
1773,699,6,3,5.0
1774,699,7,1,200.0
1775,700,9,2,40.0
1776,701,3,2,250.0
1777,701,4,1,150.0
1778,701,10,2,12.0
1779,701,8,2,90.0
1780,702,5,3,10.0
1781,703,5,1,10.0
1782,703,10,1,12.0
1783,704,8,1,90.0
1784,705,8,3,90.0
1785,706,6,1,5.0
1786,706,8,2,90.0
1787,707,5,3,10.0
1788,708,2,2,75.0
1789,708,8,1,90.0
1790,709,8,1,90.0
1791,709,4,3,150.0
1792,709,7,2,200.0
1793,709,7,2,200.0
1794,710,10,2,12.0
1795,711,6,3,5.0
1796,711,3,3,250.0
1797,711,2,2,75.0
1798,711,8,3,90.0
1799,712,8,3,90.0
1800,712,9,1,40.0
1801,712,8,2,90.0
1802,712,1,1,25.0
1803,713,5,1,10.0
1804,713,7,2,200.0
1805,714,3,3,250.0
1806,714,5,2,10.0
1807,714,1,2,25.0
1808,715,10,2,12.0
1809,716,4,1,150.0
1810,716,6,1,5.0
1811,716,10,2,12.0
1812,716,9,3,40.0
1813,717,8,3,90.0
1814,717,4,3,150.0
1815,717,8,2,90.0
1816,718,3,3,250.0
1817,719,7,1,200.0
1818,720,2,3,75.0
1819,720,10,2,12.0
1820,720,2,1,75.0
1821,721,3,3,250.0
1822,722,2,1,75.0
1823,722,10,1,12.0
1824,722,2,2,75.0
1825,722,4,3,150.0
1826,723,3,2,250.0
1827,724,6,1,5.0
1828,725,8,3,90.0
1829,725,8,3,90.0
1830,726,4,1,150.0
1831,726,5,1,10.0
1832,726,6,3,5.0
1833,727,2,2,75.0
1834,727,5,2,10.0
1835,727,8,3,90.0
1836,727,7,1,200.0
1837,728,2,2,75.0
1838,728,6,2,5.0
1839,729,6,1,5.0
1840,730,3,2,250.0
1841,731,2,3,75.0
1842,731,2,2,75.0
1843,731,6,3,5.0
1844,731,9,2,40.0
1845,732,3,2,250.0
1846,732,5,1,10.0
1847,732,6,3,5.0
1848,733,4,2,150.0
1849,734,7,2,200.0
1850,734,4,3,150.0
1851,734,5,1,10.0
1852,735,4,2,150.0
1853,735,4,1,150.0
1854,735,6,1,5.0
1855,735,8,2,90.0
1856,736,7,3,200.0
1857,736,4,1,150.0
1858,736,5,3,10.0
1859,737,8,3,90.0
1860,738,8,1,90.0
1861,739,4,3,150.0
1862,739,2,2,75.0
1863,740,2,1,75.0
1864,740,2,2,75.0
1865,740,7,3,200.0
1866,740,5,2,10.0
1867,741,2,3,75.0
1868,741,5,1,10.0
1869,741,10,2,12.0
1870,741,6,1,5.0
1871,742,5,2,10.0
1872,742,6,2,5.0
1873,742,7,3,200.0
1874,742,2,1,75.0
1875,743,2,3,75.0
1876,743,1,3,25.0
1877,743,6,2,5.0
1878,744,5,2,10.0
1879,744,8,3,90.0
1880,744,9,1,40.0
1881,744,1,1,25.0
1882,745,6,3,5.0
1883,746,4,2,150.0
1884,746,8,3,90.0
1885,746,4,3,150.0
1886,746,7,3,200.0
1887,747,7,2,200.0
1888,747,7,2,200.0
1889,747,10,2,12.0
1890,748,1,1,25.0
1891,748,3,2,250.0
1892,749,1,3,25.0
1893,749,7,3,200.0
1894,750,6,2,5.0
1895,750,5,3,10.0
1896,750,2,2,75.0
1897,751,5,3,10.0
1898,751,8,2,90.0
1899,751,4,2,150.0
1900,752,5,2,10.0
1901,753,1,2,25.0
1902,753,4,1,150.0
1903,753,10,1,12.0
1904,753,10,3,12.0
1905,754,8,3,90.0
1906,755,3,3,250.0
1907,755,5,1,10.0
1908,756,7,1,200.0
1909,757,6,3,5.0
1910,758,8,3,90.0
1911,759,2,2,75.0
1912,759,4,1,150.0
1913,760,3,1,250.0
1914,760,7,3,200.0
1915,760,6,1,5.0
1916,760,5,2,10.0
1917,761,5,2,10.0
1918,761,5,3,10.0
1919,761,3,2,250.0
1920,761,8,1,90.0
1921,762,2,3,75.0
1922,763,2,1,75.0
1923,763,1,3,25.0
1924,764,2,1,75.0
1925,765,9,3,40.0
1926,765,9,3,40.0
1927,765,5,3,10.0
1928,766,5,1,10.0
1929,766,2,3,75.0
1930,767,9,3,40.0
1931,767,1,1,25.0
1932,767,2,1,75.0
1933,767,7,3,200.0
1934,768,2,1,75.0
1935,769,10,1,12.0
1936,770,10,2,12.0
1937,770,5,1,10.0
1938,771,7,3,200.0
1939,772,1,1,25.0
1940,772,4,2,150.0
1941,773,1,2,25.0
1942,773,4,1,150.0
1943,773,7,1,200.0
1944,773,2,2,75.0
1945,774,10,2,12.0
1946,775,3,1,250.0
1947,775,7,2,200.0
1948,775,9,2,40.0
1949,775,1,1,25.0
1950,776,6,2,5.0
1951,777,4,2,150.0
1952,778,8,1,90.0
1953,779,6,2,5.0
1954,780,4,1,150.0
1955,780,6,3,5.0
1956,780,4,1,150.0
1957,780,6,2,5.0
1958,781,7,3,200.0
1959,781,3,3,250.0
1960,782,9,3,40.0
1961,782,8,2,90.0
1962,783,2,1,75.0
1963,783,10,1,12.0
1964,783,9,2,40.0
1965,784,2,1,75.0
1966,784,8,1,90.0
1967,784,6,1,5.0
1968,785,4,3,150.0
1969,786,1,2,25.0
1970,787,10,1,12.0
1971,788,4,3,150.0
1972,788,5,2,10.0
1973,788,10,3,12.0
1974,788,3,3,250.0
1975,789,6,1,5.0
1976,789,4,3,150.0
1977,789,9,2,40.0
1978,789,4,1,150.0
1979,790,10,1,12.0
1980,790,1,1,25.0
1981,791,1,2,25.0
1982,791,2,1,75.0
1983,792,4,2,150.0
1984,793,2,1,75.0
1985,793,1,1,25.0
1986,794,2,3,75.0
1987,795,4,1,150.0
1988,795,4,2,150.0
1989,795,6,1,5.0
1990,796,3,3,250.0
1991,797,5,1,10.0
1992,798,4,3,150.0
1993,798,9,3,40.0
1994,798,1,2,25.0
1995,798,1,3,25.0
1996,799,6,2,5.0
1997,799,8,1,90.0
1998,799,1,2,25.0
1999,799,4,1,150.0
2000,800,2,1,75.0
2001,800,3,1,250.0
2002,800,4,3,150.0
2003,801,2,3,75.0
2004,801,8,2,90.0
2005,801,8,1,90.0
2006,802,4,1,150.0
2007,803,5,1,10.0
2008,803,2,1,75.0
2009,803,3,3,250.0
2010,804,10,2,12.0
2011,804,2,2,75.0
2012,805,6,1,5.0
2013,805,8,3,90.0
2014,805,9,3,40.0
2015,806,2,1,75.0
2016,807,3,3,250.0
2017,807,6,1,5.0
2018,808,10,2,12.0
2019,808,3,3,250.0
2020,809,5,2,10.0
2021,809,1,1,25.0
2022,809,2,2,75.0
2023,809,8,3,90.0
2024,810,2,2,75.0
2025,811,3,3,250.0
2026,811,5,1,10.0
2027,811,10,3,12.0
2028,811,4,3,150.0
2029,812,1,3,25.0
2030,812,6,1,5.0
2031,812,4,1,150.0
2032,812,2,1,75.0
2033,813,8,2,90.0
2034,813,8,1,90.0
2035,813,6,3,5.0
2036,814,2,1,75.0
2037,815,5,2,10.0
2038,815,1,2,25.0
2039,815,9,1,40.0
2040,816,10,1,12.0
2041,816,8,3,90.0
2042,816,7,3,200.0
2043,816,10,1,12.0
2044,817,6,2,5.0
2045,817,8,2,90.0
2046,818,7,3,200.0
2047,819,7,2,200.0
2048,819,8,3,90.0
2049,820,2,2,75.0
2050,820,7,1,200.0
2051,820,8,2,90.0
2052,821,2,1,75.0
2053,821,4,2,150.0
2054,821,5,1,10.0
2055,822,7,1,200.0
2056,822,1,1,25.0
2057,822,1,3,25.0
2058,823,1,2,25.0
2059,823,9,1,40.0
2060,823,6,2,5.0
2061,823,6,3,5.0
2062,824,10,1,12.0
2063,824,6,3,5.0
2064,824,8,1,90.0
2065,824,1,3,25.0
2066,825,8,2,90.0
2067,825,2,1,75.0
2068,825,2,1,75.0
2069,825,2,2,75.0
2070,826,10,2,12.0
2071,827,10,1,12.0
2072,827,1,3,25.0
2073,827,2,3,75.0
2074,828,4,1,150.0
2075,828,7,1,200.0
2076,829,7,3,200.0
2077,829,10,3,12.0
2078,829,8,1,90.0
2079,829,9,1,40.0
2080,830,7,1,200.0
2081,830,6,3,5.0
2082,830,6,1,5.0
2083,831,3,2,250.0
2084,831,9,2,40.0
2085,832,5,3,10.0
2086,832,8,1,90.0
2087,832,1,1,25.0
2088,833,2,3,75.0
2089,833,1,1,25.0
2090,834,6,2,5.0
2091,834,1,1,25.0
2092,834,10,1,12.0
2093,834,1,2,25.0
2094,835,9,2,40.0
2095,836,10,1,12.0
2096,836,4,1,150.0
2097,836,6,2,5.0
2098,836,9,2,40.0
2099,837,1,2,25.0
2100,837,2,3,75.0
2101,837,2,3,75.0
2102,837,7,2,200.0
2103,838,8,2,90.0
2104,838,10,1,12.0
2105,838,6,1,5.0
2106,838,9,1,40.0
2107,839,1,1,25.0
2108,840,3,3,250.0
2109,840,7,1,200.0
2110,841,7,3,200.0
2111,841,7,2,200.0
2112,841,2,2,75.0
2113,842,7,2,200.0
2114,842,6,3,5.0
2115,842,7,3,200.0
2116,843,7,1,200.0
2117,844,3,1,250.0
2118,844,2,2,75.0
2119,845,10,1,12.0
2120,845,8,3,90.0
2121,846,10,1,12.0
2122,846,9,1,40.0
2123,846,3,2,250.0
2124,846,3,1,250.0
2125,847,5,3,10.0
2126,847,3,1,250.0
2127,847,3,1,250.0
2128,847,1,1,25.0
2129,848,7,1,200.0
2130,848,10,2,12.0
2131,848,2,2,75.0
2132,848,8,1,90.0
2133,849,9,1,40.0
2134,849,7,1,200.0
2135,849,1,2,25.0
2136,849,8,3,90.0
2137,850,7,3,200.0
2138,850,8,1,90.0
2139,850,10,2,12.0
2140,850,4,2,150.0
2141,851,6,1,5.0
2142,851,8,3,90.0
2143,851,3,1,250.0
2144,852,10,2,12.0
2145,852,1,1,25.0
2146,852,4,1,150.0
2147,852,6,3,5.0
2148,853,8,3,90.0
2149,853,1,2,25.0
2150,853,6,2,5.0
2151,854,4,2,150.0
2152,854,6,2,5.0
2153,855,4,3,150.0
2154,855,5,2,10.0
2155,855,6,1,5.0
2156,856,5,1,10.0
2157,856,7,2,200.0
2158,856,2,2,75.0
2159,857,3,3,250.0
2160,857,8,1,90.0
2161,857,8,2,90.0
2162,858,4,2,150.0
2163,858,9,2,40.0
2164,858,3,3,250.0
2165,858,1,1,25.0
2166,859,9,2,40.0
2167,859,7,2,200.0
2168,859,1,3,25.0
2169,860,6,1,5.0
2170,860,1,1,25.0
2171,861,6,3,5.0
2172,861,7,1,200.0
2173,861,2,3,75.0
2174,862,2,1,75.0
2175,863,7,3,200.0
2176,863,2,2,75.0
2177,864,6,3,5.0
2178,864,9,1,40.0
2179,864,1,2,25.0
2180,864,9,2,40.0
2181,865,7,2,200.0
2182,865,6,2,5.0
2183,866,6,1,5.0
2184,867,1,2,25.0
2185,868,9,1,40.0
2186,868,9,3,40.0
2187,868,9,2,40.0
2188,868,3,3,250.0
2189,869,3,3,250.0
2190,869,1,1,25.0
2191,869,2,3,75.0
2192,870,6,3,5.0
2193,870,2,1,75.0
2194,871,2,3,75.0
2195,871,1,2,25.0
2196,872,8,1,90.0
2197,872,5,2,10.0
2198,873,4,2,150.0
2199,873,3,2,250.0
2200,873,5,1,10.0
2201,873,1,3,25.0
2202,874,4,2,150.0
2203,875,3,1,250.0
2204,876,9,3,40.0
2205,877,2,1,75.0
2206,877,6,2,5.0
2207,878,4,1,150.0
2208,878,9,3,40.0
2209,878,8,1,90.0
2210,878,8,3,90.0
2211,879,6,2,5.0
2212,879,5,1,10.0
2213,880,10,1,12.0
2214,881,1,3,25.0
2215,882,9,2,40.0
2216,882,5,3,10.0
2217,882,5,2,10.0
2218,883,3,1,250.0
2219,883,7,1,200.0
2220,883,2,1,75.0
2221,883,8,2,90.0
2222,884,10,3,12.0
2223,885,5,1,10.0
2224,885,1,1,25.0
2225,886,7,1,200.0
2226,886,9,3,40.0
2227,886,9,1,40.0
2228,887,9,3,40.0
2229,887,5,3,10.0
2230,887,6,2,5.0
2231,888,4,1,150.0
2232,888,2,2,75.0
2233,888,5,3,10.0
2234,888,8,1,90.0
2235,889,1,2,25.0
2236,890,2,2,75.0
2237,891,6,3,5.0
2238,891,3,3,250.0
2239,891,3,1,250.0
2240,891,5,1,10.0
2241,892,4,2,150.0
2242,892,7,1,200.0
2243,892,1,2,25.0
2244,893,1,1,25.0
2245,893,2,1,75.0
2246,893,6,2,5.0
2247,893,7,3,200.0
2248,894,1,2,25.0
2249,894,10,1,12.0
2250,894,6,3,5.0
2251,895,10,2,12.0
2252,895,3,3,250.0
2253,896,7,3,200.0
2254,896,2,3,75.0
2255,897,3,1,250.0
2256,898,2,1,75.0
2257,898,4,3,150.0
2258,898,2,2,75.0
2259,898,5,3,10.0
2260,899,4,3,150.0
2261,899,2,1,75.0
2262,899,3,3,250.0
2263,899,2,2,75.0
2264,900,3,3,250.0
2265,900,10,1,12.0
2266,900,4,1,150.0
2267,900,9,1,40.0
2268,901,9,3,40.0
2269,901,7,3,200.0
2270,901,8,1,90.0
2271,902,10,1,12.0
2272,903,4,3,150.0
2273,903,4,3,150.0
2274,903,6,2,5.0
2275,904,8,2,90.0
2276,904,4,3,150.0
2277,904,5,3,10.0
2278,904,7,3,200.0
2279,905,2,3,75.0
2280,905,8,3,90.0
2281,905,3,2,250.0
2282,906,8,3,90.0
2283,906,2,2,75.0
2284,906,2,1,75.0
2285,907,1,2,25.0
2286,908,1,3,25.0
2287,909,4,2,150.0
2288,909,3,2,250.0
2289,909,1,3,25.0
2290,910,5,3,10.0
2291,910,7,2,200.0
2292,911,3,1,250.0
2293,912,4,3,150.0
2294,912,1,1,25.0
2295,913,10,1,12.0
2296,913,3,2,250.0
2297,913,9,2,40.0
2298,913,3,1,250.0
2299,914,5,1,10.0
2300,914,7,3,200.0
2301,914,5,1,10.0
2302,914,4,1,150.0
2303,915,3,3,250.0
2304,915,5,2,10.0
2305,915,4,3,150.0
2306,915,5,2,10.0
2307,916,8,1,90.0
2308,917,4,2,150.0
2309,917,7,3,200.0
2310,917,7,1,200.0
2311,917,2,2,75.0
2312,918,4,3,150.0
2313,919,5,1,10.0
2314,919,1,1,25.0
2315,919,6,2,5.0
2316,919,5,1,10.0
2317,920,3,2,250.0
2318,921,10,1,12.0
2319,921,6,2,5.0
2320,921,9,1,40.0
2321,922,7,1,200.0
2322,922,5,1,10.0
2323,923,5,1,10.0
2324,923,2,1,75.0
2325,923,1,1,25.0
2326,923,2,2,75.0
2327,924,5,1,10.0
2328,924,2,2,75.0
2329,924,4,3,150.0
2330,924,9,1,40.0
2331,925,8,2,90.0
2332,925,1,2,25.0
2333,925,3,2,250.0
2334,926,1,3,25.0
2335,927,6,1,5.0
2336,927,3,3,250.0
2337,928,6,2,5.0
2338,928,10,2,12.0
2339,929,3,2,250.0
2340,929,9,3,40.0
2341,930,5,3,10.0
2342,930,1,2,25.0
2343,930,6,3,5.0
2344,930,6,2,5.0
2345,931,5,1,10.0
2346,931,1,3,25.0
2347,931,10,1,12.0
2348,931,8,3,90.0
2349,932,10,2,12.0
2350,932,9,2,40.0
2351,933,1,1,25.0
2352,933,4,1,150.0
2353,933,5,3,10.0
2354,933,4,1,150.0
2355,934,1,3,25.0
2356,934,10,3,12.0
2357,934,2,2,75.0
2358,935,4,1,150.0
2359,935,7,1,200.0
2360,936,4,3,150.0
2361,937,8,3,90.0
2362,937,5,3,10.0
2363,938,5,1,10.0
2364,938,1,3,25.0
2365,938,7,2,200.0
2366,939,8,3,90.0
2367,939,5,2,10.0
2368,939,4,3,150.0
2369,940,7,3,200.0
2370,941,2,2,75.0
2371,941,7,2,200.0
2372,942,3,3,250.0
2373,942,1,1,25.0
2374,943,1,3,25.0
2375,943,3,1,250.0
2376,944,2,3,75.0
2377,944,1,3,25.0
2378,944,8,2,90.0
2379,945,3,1,250.0
2380,946,1,3,25.0
2381,946,6,1,5.0
2382,946,5,3,10.0
2383,946,1,2,25.0
2384,947,9,1,40.0
2385,947,1,3,25.0
2386,948,2,1,75.0
2387,948,1,1,25.0
2388,948,9,3,40.0
2389,948,9,3,40.0
2390,949,4,2,150.0
2391,949,4,3,150.0
2392,949,10,1,12.0
2393,949,2,3,75.0
2394,950,10,3,12.0
2395,950,9,1,40.0
2396,950,9,3,40.0
2397,951,10,3,12.0
2398,951,3,1,250.0
2399,951,8,2,90.0
2400,952,3,3,250.0
2401,952,9,3,40.0
2402,952,7,1,200.0
2403,952,3,3,250.0
2404,953,1,3,25.0
2405,953,6,3,5.0
2406,953,5,3,10.0
2407,954,7,3,200.0
2408,954,7,1,200.0
2409,955,10,2,12.0
2410,955,5,1,10.0
2411,955,3,2,250.0
2412,956,9,1,40.0
2413,956,6,3,5.0
2414,956,5,3,10.0
2415,957,3,1,250.0
2416,957,1,2,25.0
2417,958,7,3,200.0
2418,958,8,2,90.0
2419,958,9,1,40.0
2420,959,7,1,200.0
2421,959,4,1,150.0
2422,959,7,2,200.0
2423,959,6,3,5.0
2424,960,4,2,150.0
2425,960,3,3,250.0
2426,961,5,3,10.0
2427,961,6,2,5.0
2428,962,3,1,250.0
2429,963,8,1,90.0
2430,963,7,3,200.0
2431,964,7,2,200.0
2432,964,7,1,200.0
2433,964,10,3,12.0
2434,964,2,1,75.0
2435,965,5,3,10.0
2436,965,2,3,75.0
2437,966,1,1,25.0
2438,966,5,2,10.0
2439,966,9,1,40.0
2440,966,7,3,200.0
2441,967,5,1,10.0
2442,967,2,1,75.0
2443,967,9,2,40.0
2444,967,2,3,75.0
2445,968,3,1,250.0
2446,968,10,3,12.0
2447,968,4,2,150.0
2448,969,1,1,25.0
2449,969,2,1,75.0
2450,969,8,2,90.0
2451,969,4,3,150.0
2452,970,2,1,75.0
2453,970,4,2,150.0
2454,970,1,2,25.0
2455,970,6,1,5.0
2456,971,7,2,200.0
2457,971,3,3,250.0
2458,971,3,1,250.0
2459,972,4,3,150.0
2460,973,2,1,75.0
2461,973,7,2,200.0
2462,974,2,2,75.0
2463,974,8,3,90.0
2464,974,3,1,250.0
2465,974,2,2,75.0
2466,975,3,1,250.0
2467,976,2,1,75.0
2468,976,10,3,12.0
2469,977,4,3,150.0
2470,977,1,3,25.0
2471,978,9,2,40.0
2472,978,9,1,40.0
2473,979,4,2,150.0
2474,980,9,3,40.0
2475,981,8,3,90.0
2476,981,10,3,12.0
2477,982,3,2,250.0
2478,982,9,1,40.0
2479,982,5,3,10.0
2480,982,1,1,25.0
2481,983,4,3,150.0
2482,984,5,3,10.0
2483,984,5,3,10.0
2484,984,1,1,25.0
2485,985,8,3,90.0
2486,985,7,2,200.0
2487,985,7,3,200.0
2488,985,5,1,10.0
2489,986,2,1,75.0
2490,986,6,3,5.0
2491,987,2,2,75.0
2492,987,9,3,40.0
2493,987,3,3,250.0
2494,987,2,1,75.0
2495,988,4,2,150.0
2496,988,4,1,150.0
2497,988,1,2,25.0
2498,989,3,1,250.0
2499,990,9,2,40.0
2500,991,6,2,5.0
2501,992,5,3,10.0
2502,992,7,1,200.0
2503,992,2,2,75.0
2504,992,7,1,200.0
2505,993,7,1,200.0
2506,994,5,3,10.0
2507,994,7,2,200.0
2508,994,3,3,250.0
2509,994,5,1,10.0
2510,995,1,2,25.0
2511,995,3,1,250.0
2512,996,4,2,150.0
2513,996,1,2,25.0
2514,996,6,3,5.0
2515,997,1,2,25.0
2516,998,6,1,5.0
2517,998,7,3,200.0
2518,998,6,1,5.0
2519,998,6,2,5.0
2520,999,4,2,150.0
2521,1000,6,3,5.0
